id,game,link,release,peak_players,positive_reviews,negative_reviews,total_reviews,rating,primary_genre,store_genres,publisher,developer,detected_technologies,store_asset_mod_time,review_percentage,players_right_now,24_hour_peak,all_time_peak,all_time_peak_date
0,Pizza Tower,/app/2231450/,1/26/2023,4529,19807,227,20034,96.39,Action (1),"Action (1) Indie (23)",Tour De Pizza,Tour De Pizza,Engine.GameMaker; SDK.FMOD,1/10/2023,98,"3101","3606",4529,3/25/2023
1,Resident Evil 4,/app/2050650/,3/24/2023,168191,61752,1616,63368,95.75,Action (1),"Action (1) Adventure (25)",CAPCOM Co. Ltd.,CAPCOM Co. Ltd.,Engine.RE_Engine; SDK.AMD_GPU_Services,3/29/2023,97,"46289","47164",168191,3/25/2023
2,The Murder of Sonic the Hedgehog,/app/2324650/,3/31/2023,15543,12643,213,12856,95.54,Casual (4),"Casual (4) Free to Play (37) Indie (23) Simulation (28)",SEGA,SEGA,Engine.Unity; SDK.UnityBurst; SDK.cURL,3/24/2023,98,618,776,15543,3/31/2023
3,Pineapple on pizza,/app/2263010/,3/28/2023,1415,11717,209,11926,95.39,Indie (23),"Casual (4) Free to Play (37) Indie (23)",Majorariatto,Majorariatto,Engine.Unity; SDK.cURL,3/22/2023,98,101,101,1415,3/28/2023
4,Hi-Fi RUSH,/app/1817230/,1/25/2023,6132,14152,324,14476,95.09,Action (1),Action (1),Bethesda Softworks,Tango Gameworks,Engine.Unreal; SDK.Intel_OID; SDK.Intel_XeSS; SDK.NVIDIA_APEX; SDK.NVIDIA_DLSS; SDK.NVIDIA_GeForce_Now; SDK.NVIDIA_Nsight_Aftermath; SDK.NVIDIA_PhysX; SDK.Vorbis; SDK.Wwise; SDK.XAudio2; SDK.iZotope,4/11/2023,97,630,664,6132,1/29/2023
5,‰∏úÂåó‰πãÂ§è,/app/2121360/,1/9/2023,8672,8891,165,9056,95.08,RPG (3),"Free to Play (37) RPG (3)",Â∫Ñ‰∏çÁ∫ØÂ∑•‰ΩúÂÆ§,Â∫Ñ‰∏çÁ∫ØÂ∑•‰ΩúÂÆ§,Engine.Unity,9/29/2022,98,62,75,8672,1/10/2023
6,Crab Champions,/app/774801/,4/1/2023,8564,5129,81,5210,94.76,Action (1),"Action (1) Adventure (25) Casual (4) Indie (23) Racing (9) Strategy (2) Early Access (70)",Noisestorm Limited,Noisestorm Limited,Engine.Unreal; SDK.NVIDIA_APEX; SDK.NVIDIA_GeForce_Now; SDK.NVIDIA_Nsight_Aftermath; SDK.NVIDIA_PhysX; SDK.Vorbis; SDK.XAudio2,4/2/2023,98,"4142","6419",8564,4/8/2023
7,Papa's Freezeria Deluxe,/app/2291760/,3/31/2023,1227,1832,20,1852,93.84,Strategy (2),"Action (1) Casual (4) Indie (23) Simulation (28) Strategy (2)",Flipline Studios,Flipline Studios,Engine.Adobe_AIR,3/28/2023,99,661,838,1227,4/2/2023
8,A Space for the Unbound,/app/1201270/,1/19/2023,338,1917,27,1944,93.64,Adventure (25),"Adventure (25) Indie (23)",Toge Productions,Mojiken,Engine.Unity; SDK.FMOD; SDK.SteamworksNET; SDK.cURL,2/14/2023,98,63,63,338,1/20/2023
9,Handshakes,/app/2171690/,1/13/2023,195,1166,10,1176,93.3,Free to Play (37),"Casual (4) Free to Play (37)",Pet Pumpkin,Pet Pumpkin,Engine.Unity; SDK.SteamworksNET; SDK.cURL,3/26/2023,99,8,15,195,1/21/2023
10,ÂÄôÈ∏ü,/app/1765350/,1/11/2023,162,1149,12,1161,93.12,Adventure (25),Adventure (25),Syawase Works China,KIDFansClub,Engine.RenPy,1/10/2023,98,19,20,162,2/27/2023
11,–°–∏–º—É–ª—è—Ç–æ—Ä –ü–æ–±–µ–≥–∞ –æ—Ç –í–æ–µ–Ω–∫–æ–º–∞—Ç–∞,/app/1248090/,4/3/2023,775,1995,42,2037,93.1,Indie (23),"Action (1) Adventure (25) Indie (23) Simulation (28)",Pirotexnik,Pirotexnik,Engine.Unity; SDK.SteamworksNET; SDK.cURL,3/24/2023,97,127,157,775,4/6/2023
12,I commissioned some bees 0,/app/2250060/,1/12/2023,374,1733,36,1769,92.92,Indie (23),"Casual (4) Free to Play (37) Indie (23)",Follow The Fun,Follow The Fun,nan,1/12/2023,97,21,31,374,1/16/2023
13,Spin Rhythm XD,/app/1058830/,3/14/2023,313,2909,86,2995,92.89,Indie (23),"Action (1) Casual (4) Indie (23)",Super Spin Digital,Super Spin Digital,Engine.Unity; SDK.Discord; SDK.SteamworksNET; SDK.UnityURP; SDK.cURL,3/15/2023,97,57,69,313,4/14/2020
14,OCTOPATH TRAVELER II,/app/1971650/,2/24/2023,17008,4403,158,4561,92.85,RPG (3),RPG (3),Square Enix,Square Enix,Engine.Unreal; SDK.CRIWARE; SDK.NVIDIA_APEX; SDK.NVIDIA_GeForce_Now; SDK.NVIDIA_Nsight_Aftermath; SDK.NVIDIA_PhysX; SDK.Vorbis; SDK.XAudio2,3/23/2023,96,"3206","3388",17008,2/26/2023
15,Boneraiser Minions,/app/1944570/,3/9/2023,2029,3093,97,3190,92.82,Action (1),"Action (1) Casual (4) Indie (23) RPG (3)",caiys,caiys,Engine.GameMaker,8/1/2022,96,332,374,2029,3/19/2023
16,Bloody Hell,/app/2056220/,1/27/2023,395,1308,22,1330,92.8,Indie (23),"Action (1) Adventure (25) Free to Play (37) Indie (23)",Pun Intended,Pun Intended,Engine.Unity; SDK.Discord; SDK.FMOD; SDK.SteamworksNET; SDK.UnityBurst; SDK.UnityURP,1/27/2023,98,60,69,395,1/29/2023
17,DREDGE,/app/1562430/,3/30/2023,12686,5632,234,5866,92.63,Adventure (25),"Adventure (25) RPG (3)",Team17,Black Salt Games,Engine.Unity; SDK.UnityURP; SDK.cURL,3/30/2023,96,"7523","7523",12686,4/2/2023
18,Your Only Move Is HUSTLE,/app/2212330/,2/2/2023,3405,5664,245,5909,92.5,Indie (23),"Action (1) Indie (23) Simulation (28) Strategy (2)",Ivy Sly,Ivy Sly,Engine.Godot,1/3/2023,95,745,"1255",3405,2/18/2023
19,Touhou¬†Hero¬†of¬†Ice¬†Fairy,/app/1955830/,2/25/2023,573,736,8,744,92.24,Action (1),"Action (1) Adventure (25) Indie (23) RPG (3) Early Access (70)",GAMEPULSE Ê∏∏ÊàèËÑâÂÜ≤,GAMEPULSE Ê∏∏ÊàèËÑâÂÜ≤,Engine.Unity; SDK.UnityURP,4/14/2023,98,69,81,573,2/25/2023
20,Your Turn To Die -Death Game By Majority- ,/app/2067780/,2/20/2023,471,616,4,620,92.23,Indie (23),"Adventure (25) Indie (23) Early Access (70)",0UP GAMES,Nankidai,Engine.RPGMaker; SDK.Greenworks; SDK.NWJS; SDK.NodeJS; SDK.Vorbis,2/17/2023,99,39,47,471,2/20/2023
21,DR LIVESEY ROM AND DEATH EDITION,/app/2181930/,2/13/2023,818,4397,221,4618,91.65,Action (1),"Action (1) Adventure (25) Indie (23) RPG (3) Simulation (28)",Agafonoff,Agafonoff,Engine.Unity; SDK.SteamworksNET; SDK.cURL,11/22/2022,95,43,50,818,4/6/2023
22,Half-Life: MMod,/app/1761270/,3/14/2023,1027,1222,39,1261,91.44,Action (1),Action (1),Gunship_Mark_II,MMod Team,Engine.GoldSource; SDK.CEF; SDK.Miles_Sound_System; SDK.SDL,3/14/2023,96,90,106,1027,3/14/2023
23,Hogwarts Legacy,/app/990080/,2/10/2023,879308,179479,14684,194163,91.35,Adventure (25),"Action (1) Adventure (25) RPG (3)",Warner Bros. Games,Avalanche Software,Engine.Unreal; SDK.EpicOnlineServices; SDK.Intel_XeSS; SDK.NVIDIA_Ansel; SDK.NVIDIA_DLSS; SDK.NVIDIA_GeForce_Now; SDK.NVIDIA_Nsight_Aftermath; SDK.Wwise; SDK.XAudio2,2/14/2023,92,"34741","34741",879308,2/12/2023
24,Big Ambitions,/app/1331550/,3/10/2023,10961,3976,218,4194,91.17,Simulation (28),"Indie (23) Simulation (28) Early Access (70)",Hovgaard Games,Hovgaard Games,Engine.Unity; SDK.UnityBurst; SDK.UnityHDRP,3/9/2023,94,"2913","2913",10961,3/12/2023
25,Apewar,/app/2306590/,3/24/2023,361,1313,50,1363,91.06,Action (1),"Action (1) Casual (4) Indie (23) Strategy (2) Early Access (70)",Gombe Games,Gombe Games,Engine.Unity,3/27/2023,96,91,190,361,3/31/2023
26,Meg's Monster,/app/1783360/,3/2/2023,195,484,7,491,91.06,RPG (3),"Adventure (25) Indie (23) RPG (3)",Odencat,Odencat,nan,3/2/2023,98,18,26,195,3/5/2023
27,The Test: Secrets of the Soul,/app/2231890/,2/20/2023,16,527,9,536,91.04,Simulation (28),"Adventure (25) Casual (4) Free to Play (37) Indie (23) RPG (3) Simulation (28)",Randumb Studios,Randumb Studios,Engine.RPGMaker; SDK.NWJS; SDK.NodeJS,12/17/2022,98,2,4,16,2/21/2023
28,Barotrauma,/app/602960/,3/13/2023,19655,41677,3286,44963,90.99,Indie (23),"Action (1) Indie (23) Simulation (28) Strategy (2)",Daedalic Entertainment,FakeFish,Engine.MonoGame; SDK.SDL; SDK.Vorbis,3/13/2023,92,"7552","7811",19655,11/14/2021
29,ËßÖÈïøÁîü,/app/1189490/,1/13/2023,26379,17906,1323,19229,90.91,Indie (23),"Indie (23) RPG (3) Strategy (2)",Chalcedony Network,Chalcedony Network,Engine.Unity,1/13/2023,93,"3942","4391",26379,1/26/2023
30,Birth,/app/1889040/,2/17/2023,183,442,7,449,90.74,Indie (23),"Adventure (25) Indie (23)",Madison Karrh,Madison Karrh,Engine.Unity; SDK.SteamworksNET; SDK.cURL,1/19/2023,98,23,39,183,4/1/2023
31,Contraband Police,/app/756800/,3/8/2023,8124,4519,282,4801,90.69,Simulation (28),"Action (1) Adventure (25) Simulation (28)",PlayWay S.A.,Crazy Rocks,Engine.Unity; SDK.Vorbis,3/8/2023,94,"1558","1589",8124,3/12/2023
32,Bing in Wonderland,/app/1710100/,1/13/2023,977,1184,48,1232,90.69,Action (1),"Action (1) Casual (4) Indie (23)",Wanba Studio,Wanba Studio,Engine.Unity; SDK.SteamworksNET; SDK.UnityURP; SDK.Wwise; SDK.cURL,4/3/2023,96,97,141,977,1/14/2023
33,Luck be a Landlord,/app/1404850/,1/6/2023,2544,6625,459,7084,90.5,Indie (23),"Indie (23) Simulation (28) Strategy (2)",TrampolineTales,TrampolineTales,Engine.Godot,1/5/2023,93,408,417,2544,3/23/2021
34,Durka Simulator,/app/1450150/,3/21/2023,48,1598,80,1678,90.4,Indie (23),"Free to Play (37) Indie (23) Simulation (28)",Alcohol Studios,Crucial Experiment,Engine.RenPy; SDK.SteamworksNET,4/8/2023,95,3,7,48,4/1/2021
35, Dead Space,/app/1693980/,1/27/2023,30925,21792,1820,23612,90.25,Adventure (25),"Action (1) Adventure (25)",Electronic Arts,Motive,Engine.Frostbite; SDK.AMD_GPU_Services; SDK.NVIDIA_DLSS,2/27/2023,92,761,772,30925,1/28/2023
36,PARANORMASIGHT: The Seven Mysteries of Honjo,/app/2106840/,3/8/2023,582,654,24,678,89.93,Adventure (25),"Adventure (25) RPG (3) Simulation (28)",Square Enix,Square Enix,Engine.Unity; SDK.UnityBurst,3/8/2023,96,124,148,582,3/19/2023
37,Patch Quest,/app/1347970/,3/2/2023,2356,1357,72,1429,89.92,Indie (23),"Action (1) Adventure (25) Indie (23)",Curve Games,Lychee Game Labs,Engine.Unity; SDK.Discord,4/6/2023,94,119,134,2356,3/4/2023
38,Vertigo 2,/app/843390/,3/30/2023,295,497,15,512,89.88,Adventure (25),"Action (1) Adventure (25) Indie (23)",Zulubo Productions,Zach Tsiakalis-Brown,Engine.Unity; SDK.OpenVR; SDK.Steam_Audio,1/29/2023,97,78,96,295,3/31/2023
39,Larcin Lazer,/app/1707400/,1/24/2023,38,223,1,224,89.85,Indie (23),"Action (1) Casual (4) Indie (23)",Tambouille,Tambouille,SDK.NWJS; SDK.NodeJS,1/23/2023,99,1,2,38,1/25/2023
40,Fallen Hero: Retribution,/app/1343810/,2/2/2023,379,242,2,244,89.79,Indie (23),"Action (1) Adventure (25) Casual (4) Indie (23) RPG (3)",Hosted Games,Hosted Games,Container.Electron,7/2/2022,99,11,20,379,2/2/2023
41,Scarlet Maiden,/app/1968840/,1/27/2023,736,895,42,937,89.72,Action (1),"Action (1) Adventure (25) Early Access (70)",Critical Bliss,Otterside Games,Engine.Unity; SDK.SteamworksNET; SDK.UnityURP; SDK.cURL,1/19/2023,95,66,72,736,1/28/2023
42,Landfall Archives,/app/2353760/,3/31/2023,1247,695,29,724,89.66,Action (1),"Action (1) Adventure (25) Casual (4) Free to Play (37) Indie (23) Simulation (28) Strategy (2)",Landfall,Landfall,Engine.Unity; SDK.FMOD; SDK.Photon; SDK.SteamworksNET; SDK.UnityBurst; SDK.UnityURP; SDK.cURL,3/11/2023,96,155,163,1247,4/1/2023
43,Elong Plug,/app/2172030/,2/25/2023,34,231,2,233,89.63,Free to Play (37),"Adventure (25) Casual (4) Free to Play (37) Indie (23)",AriaMohebi,Aria Mohebi,Engine.Unity; SDK.FMOD; SDK.UnityURP; SDK.cURL,1/25/2023,99,2,4,34,3/4/2023
44,The Symbiant,/app/1883090/,2/2/2023,120,284,5,289,89.51,Indie (23),"Casual (4) Indie (23) Simulation (28)",HeartCoreDev,HeartCoreDev,Engine.RenPy,2/8/2023,98,4,7,120,2/4/2023
45,Shogun Showdown: Prologue,/app/2316330/,4/4/2023,590,274,5,279,89.37,Strategy (2),"Free to Play (37) RPG (3) Strategy (2)",Goblinz Publishing,Roboatino,Engine.Unity; SDK.UnityBurst; SDK.UnityURP; SDK.cURL,4/4/2023,98,82,88,590,4/5/2023
46,ÊµÅÂÖâÊòìÈÄùÁöÑÂ§èÊú´ - Fleeting Summer's End,/app/2205290/,1/6/2023,22,165,0,165,89.27,RPG (3),RPG (3),È´òÊü≥Â†Ç,È´òÊü≥Â†Ç,Engine.RPGMaker; SDK.NWJS; SDK.NodeJS,12/23/2022,100,0,1,22,1/6/2023
47,Lake Haven - Chrysalis,/app/1696960/,1/18/2023,24,246,4,250,89.23,Adventure (25),"Action (1) Adventure (25)",Encrypt Games,Encrypt Games,Engine.Unity; SDK.UnityBurst; SDK.cURL,1/18/2023,98,0,3,24,1/22/2023
48,The Legend of Heroes: Trails to Azure,/app/1668520/,3/14/2023,884,183,1,184,89.18,RPG (3),RPG (3),NIS America Inc.,Nihon Falcom,SDK.Discord,3/14/2023,98,318,331,884,3/19/2023
49,Half-Life 2: VR Mod - Episode One,/app/2177750/,3/17/2023,193,237,4,241,89.08,Action (1),"Action (1) Adventure (25)",Source VR Mod Team,Source VR Mod Team,Engine.Source; SDK.Bink_Video; SDK.CEF; SDK.Miles_Sound_System; SDK.OpenVR; SDK.SDL; SDK.SteamworksNET,4/2/2023,98,39,39,193,3/17/2023
50,q.u.q.,/app/2302140/,2/27/2023,24,283,7,290,88.96,Indie (23),Indie (23),Nikita Kryukov,motijan,Engine.RenPy,2/2/2023,97,8,15,24,2/27/2023
51,The Last Spell,/app/1105670/,3/9/2023,6755,7268,659,7927,88.89,Strategy (2),"Action (1) Indie (23) RPG (3) Strategy (2)",The Arcade Crew,Ishtar Games,Engine.Unity; SDK.SteamworksNET; SDK.cURL,3/14/2023,91,"1837","1869",6755,6/6/2021
52,EMPTY SHELL: PROLOGUE,/app/2224850/,1/6/2023,130,628,31,659,88.88,Free to Play (37),"Action (1) Adventure (25) Free to Play (37) Indie (23)",Hyperstrange,CC ARTS,Engine.Unity; SDK.SteamworksNET; SDK.cURL,12/11/2022,95,4,12,130,1/14/2023
53,Sifu,/app/2138710/,3/28/2023,3189,1727,125,1852,88.76,Action (1),"Action (1) Indie (23)",Sloclap,Sloclap,Engine.Unreal; SDK.NVIDIA_APEX; SDK.NVIDIA_DLSS; SDK.NVIDIA_Nsight_Aftermath; SDK.NVIDIA_PhysX; SDK.Vorbis; SDK.Wwise; SDK.XAudio2; SDK.iZotope,4/13/2023,92,960,"1038",3189,4/1/2023
54,ÊñπÂØ∏ÊñáÊòé,/app/2230280/,1/1/2023,1414,787,45,832,88.7,Strategy (2),Strategy (2),Âñú‰∫∫‰∏Ä‰∏™,Âñú‰∫∫‰∏Ä‰∏™,Engine.Unity; SDK.SteamworksNET; SDK.UnityBurst; SDK.cURL,12/7/2022,94,111,126,1414,1/6/2023
55,Crimson Snow,/app/2067790/,3/29/2023,103,758,43,801,88.67,Adventure (25),"Action (1) Adventure (25) Indie (23)",Steppe Hare Studio,Steppe Hare Studio,Engine.Unreal; SDK.Intel_OID; SDK.NVIDIA_APEX; SDK.NVIDIA_GeForce_Now; SDK.NVIDIA_Nsight_Aftermath; SDK.NVIDIA_PhysX; SDK.Vorbis; SDK.XAudio2,11/24/2022,94,9,14,103,12/23/2022
56,ÈÄöÁ•ûÊ¶ú Noobs Want to Live,/app/1737340/,2/14/2023,8622,3135,263,3398,88.61,Casual (4),"Action (1) Adventure (25) Casual (4) Indie (23)",Lightning Games,ÂÖÉÊ∞îÂºπÂ∑•‰ΩúÂÆ§,Engine.Unity; SDK.SteamworksNET; SDK.UnityBurst; SDK.UnityURP; SDK.cURL,2/16/2023,92,641,718,8622,2/16/2023
57,Ïä§ÌÖåÌçº ÏºÄÏù¥Ïä§: Ï¥àÎä•Î†• Ï∂îÎ¶¨ Ïñ¥ÎìúÎ≤§Ï≤ò,/app/2128480/,3/10/2023,134,242,6,248,88.54,Adventure (25),"Adventure (25) Early Access (70)",Team Tetrapod,Team Tetrapod,Engine.Unity; SDK.SteamworksNET; SDK.UnityBurst; SDK.cURL,3/6/2023,97,50,59,134,3/19/2023
58,Ages of Conflict: World War Simulator,/app/2186320/,2/17/2023,312,442,20,462,88.47,Simulation (28),"Casual (4) Indie (23) Simulation (28) Early Access (70)",JoySpark Games,JoySpark Games,Engine.Unity; SDK.SteamworksNET; SDK.UnityBurst; SDK.UnityURP; SDK.cURL,2/9/2023,95,183,183,312,2/25/2023
59,RHYTHM SPROUT,/app/1475840/,2/1/2023,204,311,11,322,88.4,Indie (23),"Action (1) Adventure (25) Indie (23)",tinyBuild,SURT,Engine.Unity; SDK.SteamworksNET; SDK.UnityBurst; SDK.cURL,2/2/2023,96,7,20,204,2/2/2023
60,Mortal Sin,/app/1494810/,3/15/2023,191,280,9,289,88.38,Action (1),"Action (1) Indie (23) RPG (3) Early Access (70)",Nikola Todorovic,Nikola Todorovic,Engine.Unity; SDK.UnityBurst,3/10/2023,96,14,20,191,3/17/2023
61,Figment 2: Creed Valley,/app/1085220/,3/9/2023,62,183,3,186,88.37,Adventure (25),"Action (1) Adventure (25) Indie (23)",Bedtime Digital Games,Bedtime Digital Games,Engine.Unity; SDK.UnityBurst; SDK.cURL,3/9/2023,98,3,14,62,3/10/2023
62,Locke(d),/app/2267810/,1/23/2023,30,470,23,493,88.33,Free to Play (37),"Free to Play (37) Indie (23)",KigyoDev,KigyoDev,Engine.RenPy,4/14/2023,95,1,5,30,1/28/2023
63,Cultivation Story: Reincarnation,/app/1866880/,1/30/2023,1626,1392,104,1496,88.28,Indie (23),"Action (1) Adventure (25) Indie (23) RPG (3)",Chi Entertainment Corp.,Chi Entertainment Corp.,Engine.Unity; SDK.SteamworksNET; SDK.UnityURP; SDK.cURL,1/31/2023,93,157,162,1626,2/8/2023
64,Gorilla Tag,/app/1533390/,1/1/2023,1679,26120,2876,28996,88.26,Action (1),"Action (1) Casual (4)",Another Axiom,Another Axiom,Engine.Unity; SDK.OculusXRPlugin; SDK.OpenVR; SDK.Photon; SDK.UnityBurst,12/28/2022,90,"1154","1154",1679,4/3/2022
65,SpongeBob SquarePants: The Cosmic Shake,/app/1282150/,1/31/2023,1949,1203,88,1291,88.19,Action (1),Action (1),THQ Nordic,Purple Lamp,Engine.Unreal; SDK.Intel_OID; SDK.NVIDIA_APEX; SDK.NVIDIA_Ansel; SDK.NVIDIA_GeForce_Now; SDK.NVIDIA_Nsight_Aftermath; SDK.NVIDIA_PhysX; SDK.OpenXR; SDK.Vorbis; SDK.XAudio2,2/10/2023,93,43,50,1949,1/31/2023
66,Can of Wormholes,/app/1295320/,3/24/2023,165,138,1,139,88.15,Indie (23),Indie (23),munted finger,munted finger,SDK.OpenAL,3/19/2023,99,49,49,165,3/25/2023
67,Love Love School Days,/app/1305300/,2/6/2023,277,316,13,329,88.01,Action (1),"Action (1) Adventure (25) Indie (23)",OTL GAME,OTL GAME,Engine.Unity; SDK.SteamworksNET; SDK.UnityBurst; SDK.UnityURP; SDK.cURL,4/19/2022,96,21,35,277,2/6/2023
68,Die in the Dungeon PROLOGUE,/app/2214080/,1/12/2023,379,311,13,324,87.92,Indie (23),"Indie (23) RPG (3) Strategy (2)",DitD Team,DitD Team,Engine.Unity; SDK.SteamworksNET; SDK.cURL,1/19/2023,96,16,18,379,1/22/2023
69,Season,/app/695330/,1/31/2023,461,747,50,797,87.88,Adventure (25),"Adventure (25) Casual (4) Indie (23)",Scavengers Studio,Scavengers Studio,Engine.Unreal; SDK.EpicOnlineServices; SDK.Intel_OID; SDK.NVIDIA_APEX; SDK.NVIDIA_DLSS; SDK.NVIDIA_GeForce_Now; SDK.NVIDIA_Nsight_Aftermath; SDK.NVIDIA_PhysX; SDK.OculusXRPlugin; SDK.OpenXR; SDK.Vorbis; SDK.Wwise; SDK.XAudio2; SDK.iZotope,4/14/2023,93,24,24,461,2/1/2023
70,Halls of Torment Prelude,/app/2316660/,3/9/2023,1080,597,37,634,87.83,Action (1),"Action (1) Casual (4) Indie (23) RPG (3)",Chasing Carrots,Chasing Carrots,Engine.Godot,2/22/2023,94,129,151,1080,3/28/2023
71,ÊåÇÊú∫Á•ûËØù,/app/1863750/,4/7/2023,1142,1326,107,1433,87.76,Indie (23),"Casual (4) Indie (23) RPG (3) Strategy (2)",Êë∏È±ºÁå´Â∑•‰ΩúÂÆ§,Êë∏È±ºÁå´Â∑•‰ΩúÂÆ§,Engine.Unity,4/7/2023,92,480,534,1142,5/19/2022
72,Demons Roots,/app/1933660/,1/14/2023,612,575,36,611,87.72,Indie (23),"Adventure (25) Indie (23) RPG (3)",Kagura Games,Quick nail Aristocrat,Engine.RPGMaker; SDK.NWJS; SDK.NodeJS; SDK.Vorbis,3/9/2023,93,54,60,612,1/16/2023
73,24 Killers,/app/1668310/,3/9/2023,29,105,0,105,87.72,Adventure (25),"Adventure (25) Casual (4) Indie (23)",Happy Shabby Games,Happy Shabby Games,Engine.Adobe_AIR,3/9/2023,100,1,4,29,3/10/2023
74,Demonologist,/app/1929610/,3/27/2023,8806,2737,259,2996,87.64,Adventure (25),"Action (1) Adventure (25) Indie (23) Early Access (70)",Clock Wizard Games,Clock Wizard Games,Engine.Unreal; SDK.Intel_OID; SDK.NVIDIA_Nsight_Aftermath; SDK.Vivox; SDK.Vorbis; SDK.XAudio2,3/18/2023,91,"4463","7518",8806,4/9/2023
75,Mr. Saitou,/app/628740/,3/23/2023,61,214,7,221,87.62,Adventure (25),"Adventure (25) Indie (23) RPG (3)",Laura Shigihara,Laura Shigihara,nan,3/14/2023,96,1,6,61,3/23/2023
76,Aliens After Ava,/app/1995780/,1/13/2023,14,119,1,120,87.56,Action (1),"Action (1) Free to Play (37) Indie (23)",Alejandro Hervella,Alejandro Hervella,Engine.Unity; SDK.SteamworksNET; SDK.UnityBurst; SDK.cURL,7/12/2022,99,0,2,14,1/22/2023
77,The Light Brigade,/app/1579880/,2/22/2023,156,445,26,471,87.51,Action (1),"Action (1) RPG (3) Strategy (2)",Funktronic Labs,Funktronic Labs,Engine.Unity; SDK.OpenXR; SDK.SteamworksNET; SDK.UnityBurst; SDK.UnityURP; SDK.cURL,3/3/2023,94,30,30,156,2/26/2023
78,SkyIsland,/app/2302640/,2/15/2023,216,478,29,507,87.49,Indie (23),"Action (1) Adventure (25) Casual (4) Free to Play (37) Indie (23)",Team.Olympus,Team.Olympus,Engine.Unity; SDK.FMOD; SDK.UnityBurst,2/12/2023,94,9,14,216,2/16/2023
79,HOPE LEFT ME,/app/2268470/,3/10/2023,14,150,3,153,87.49,Casual (4),"Casual (4) Indie (23)",.orphans,Astrophysics,Engine.Unity; SDK.SteamworksNET; SDK.cURL,1/12/2023,98,0,3,14,3/11/2023
80,Creepy Tale 3: Ingrid Penance,/app/1761780/,3/9/2023,121,165,4,169,87.48,Adventure (25),"Adventure (25) Indie (23)",Creepy Brothers,Creepy Brothers,Engine.Unity; SDK.FMOD; SDK.UnityURP; SDK.cURL,3/30/2023,97,22,27,121,3/11/2023
81,VOYAGER,/app/2119210/,3/25/2023,9,116,1,117,87.46,Adventure (25),"Adventure (25) Casual (4) Indie (23) Simulation (28)",Planetary Gears,Planetary Gears,Engine.GameMaker,3/6/2023,99,1,3,9,3/26/2023
82,Plasma,/app/1409160/,3/30/2023,358,161,4,165,87.36,Simulation (28),"Indie (23) Simulation (28) Early Access (70)",Dry Licorice,Dry Licorice,Engine.Unity; SDK.FMOD; SDK.SteamworksNET; SDK.cURL,3/30/2023,96,60,67,358,3/30/2023
83,NOeSIS ‚Ö°-‰∫∫Èó¥Êó†Â∏∏,/app/1625230/,2/26/2023,17,113,1,114,87.35,RPG (3),"Casual (4) Free to Play (37) RPG (3)",Red √ó Balloon,Red √ó Balloon,Engine.NScripter,2/26/2023,99,1,3,17,3/4/2023
84,memories,/app/2219470/,2/3/2023,38,376,21,397,87.34,Indie (23),"Adventure (25) Casual (4) Free to Play (37) Indie (23) Simulation (28)",Spookulele Games,guiyyu,Engine.Unity; SDK.SteamworksNET; SDK.cURL,1/29/2023,94,2,7,38,2/4/2023
85,Pleh!,/app/2191550/,3/17/2023,124,315,16,331,87.3,Free to Play (37),"Adventure (25) Free to Play (37) Indie (23)",Jester Games,Jester Games,Engine.Unity; SDK.Discord; SDK.SteamworksNET; SDK.cURL,10/19/2022,94,7,11,124,3/25/2023
86,Sun Haven,/app/1432860/,3/11/2023,12706,5357,587,5944,87.19,Simulation (28),"Adventure (25) Casual (4) Indie (23) RPG (3) Simulation (28)",Pixel Sprout Studios,Pixel Sprout Studios,Engine.Unity; SDK.SteamworksNET; SDK.UnityURP,3/22/2023,90,"4651","4977",12706,3/19/2023
87,Atelier Ryza 3: Alchemist of the End & the Secret Key,/app/1999770/,3/24/2023,7162,717,54,771,87.19,RPG (3),"Adventure (25) Casual (4) RPG (3) Simulation (28)",KOEI TECMO GAMES CO. LTD.,KOEI TECMO GAMES CO. LTD.,nan,3/24/2023,93,"2029","2520",7162,3/26/2023
88,Above Snakes: Prologue,/app/2209150/,3/24/2023,3672,1116,95,1211,87.18,Simulation (28),"Adventure (25) RPG (3) Simulation (28)",Crytivo,Square Glade Games,Engine.Unity; SDK.SteamworksNET; SDK.UnityBurst; SDK.UnityURP; SDK.cURL,3/24/2023,92,102,126,3672,3/27/2023
89,Metroplex Zero,/app/1412960/,3/31/2023,16,91,0,91,87.18,Strategy (2),"Strategy (2) Early Access (70)",Enigma Dragons LLC,Enigma Dragons LLC,Engine.Unity; SDK.FMOD; SDK.SteamworksNET; SDK.cURL,4/3/2023,100,0,2,16,3/31/2023
90,SimRail - The Railway Simulator,/app/1422130/,1/13/2023,1914,1253,110,1363,87.16,Simulation (28),"Simulation (28) Early Access (70)",PlayWay S.A.,SimRail S.A.,Engine.Unity; SDK.NVIDIA_DLSS,1/13/2023,92,419,483,1914,1/13/2023
91,SpunkStock: Music Festival,/app/1863290/,1/26/2023,277,165,5,170,87.05,Action (1),"Action (1) Indie (23)",RegulusNSFW,RegulusNSFW,Engine.Unity; SDK.UnityURP; SDK.cURL,1/26/2023,96,4,14,277,1/27/2023
92,Farlanders,/app/1318740/,1/17/2023,251,313,17,330,87.03,Strategy (2),"Indie (23) Simulation (28) Strategy (2)",Crytivo,Andriy Bychkovskyi,Engine.Unity; SDK.UnityBurst; SDK.UnityURP; SDK.cURL,1/17/2023,94,9,14,251,1/21/2023
93,Clash: Artifacts of Chaos,/app/1430680/,3/9/2023,148,306,17,323,86.89,Action (1),"Action (1) Adventure (25) Indie (23)",Nacon,ACE Team,Engine.Unreal; SDK.Intel_OID; SDK.NVIDIA_APEX; SDK.NVIDIA_GeForce_Now; SDK.NVIDIA_Nsight_Aftermath; SDK.NVIDIA_PhysX; SDK.Vorbis; SDK.XAudio2,3/9/2023,94,10,17,148,3/12/2023
94,Glory & Miserable Survivors DX,/app/2178330/,3/16/2023,776,390,26,416,86.63,Action (1),"Action (1) Casual (4) RPG (3)",Mango Party,TLACHTLI,Engine.Unity; SDK.SteamworksNET; SDK.cURL,3/16/2023,93,117,117,776,3/17/2023
95,Soundodger 2,/app/1400910/,4/10/2023,53,109,2,111,86.55,Action (1),"Action (1) Casual (4) Indie (23)",Studio Bean,Studio Bean,Engine.Unity; SDK.Discord; SDK.cURL,3/27/2023,98,11,24,53,10/11/2021
96,Caves of Lore,/app/2227130/,1/21/2023,103,148,5,153,86.47,RPG (3),"Indie (23) RPG (3) Strategy (2)",by Mike Robins,by Mike Robins,Engine.Unity; SDK.SteamworksNET,4/12/2023,96,10,11,103,1/29/2023
97,Lone Fungus,/app/1674780/,4/7/2023,214,194,9,203,86.38,Indie (23),"Action (1) Adventure (25) Indie (23)",Basti Games,Basti Games,Engine.ClickTeamFusion,4/5/2023,94,175,213,247,4/12/2023
98,Passpartout 2: The Lost Artist,/app/1571100/,4/4/2023,591,272,16,288,86.37,Indie (23),"Casual (4) Indie (23) Simulation (28)",Flamebait Games,Flamebait Games,Engine.Unity; SDK.FMOD; SDK.SteamworksNET; SDK.UnityBurst; SDK.UnityURP; SDK.cURL,4/4/2023,94,267,285,591,4/8/2023
99,A Bavarian Tale - Totgeschwiegen,/app/1694560/,2/2/2023,57,144,5,149,86.32,Adventure (25),"Adventure (25) RPG (3)",Active Fungus Studios,Active Fungus Studios,Engine.Unreal; SDK.Intel_OID; SDK.NVIDIA_APEX; SDK.NVIDIA_GeForce_Now; SDK.NVIDIA_Nsight_Aftermath; SDK.NVIDIA_PhysX; SDK.OpenVR; SDK.OpenXR; SDK.Vorbis; SDK.XAudio2,2/2/2023,96,7,7,57,2/5/2023
100,Coralina,/app/2246120/,1/6/2023,16,192,9,201,86.31,Indie (23),"Adventure (25) Casual (4) Indie (23) RPG (3)",ZNT Productions,Gabriel Maki,nan,1/30/2023,95,0,2,16,1/8/2023
101,King Of The Castle,/app/1839880/,3/2/2023,321,488,38,526,86.29,Casual (4),"Casual (4) Indie (23) Strategy (2)",Team17,Tributary Games,Engine.Unity; SDK.UnityURP; SDK.cURL,3/2/2023,93,24,89,321,3/5/2023
102,ZED ZONE,/app/1211600/,3/30/2023,2569,1332,135,1467,86.25,Indie (23),"Action (1) Indie (23) RPG (3) Simulation (28) Early Access (70)",INDIECN,Leven Liu,Engine.Unity; SDK.UnityBurst,3/29/2023,90,865,998,2569,3/31/2023
103,Omega Strikers,/app/1869590/,4/27/2023,19257,10006,1292,11298,86.24,Free to Play (37),"Action (1) Free to Play (37) Strategy (2)",Odyssey Interactive,Odyssey Interactive,Engine.Unreal; SDK.Intel_OID; SDK.NVIDIA_APEX; SDK.NVIDIA_GeForce_Now; SDK.NVIDIA_Nsight_Aftermath; SDK.NVIDIA_PhysX; SDK.Vorbis; SDK.Wwise; SDK.XAudio2,4/7/2023,88,10,39,19257,9/24/2022
104,BETON BRUTAL,/app/2330500/,3/31/2023,147,129,4,133,86.24,Indie (23),"Casual (4) Indie (23)",Jan Malitschek,Jan Malitschek,Engine.Unity; SDK.cURL,3/9/2023,94,64,98,147,4/6/2023
105,ENTROPOLY,/app/2226160/,3/2/2023,41,102,2,104,86.23,Action (1),Action (1),Wills Blackett,Wills Blackett,nan,3/3/2023,98,0,5,41,3/5/2023
106,„Åµ„Çä„Åã„Åë‚òÜ„Çπ„Éö„Ç§„Ç∑„Éº,/app/1764700/,3/1/2023,48,71,0,71,86.2,Indie (23),Indie (23),„Çà„Çì„Å®„Çì„Éà„Éû„ÉÅ„É≥,„Çà„Çì„Å®„Çì„Éà„Éû„ÉÅ„É≥,Engine.Unity; SDK.SteamworksNET; SDK.cURL,3/2/2023,98,3,8,48,3/2/2023
107,Cannibal Abduction,/app/2189640/,1/13/2023,25,138,5,143,86.09,Adventure (25),"Adventure (25) Indie (23)",selewi,Tom√°s Esconjaureguy,Engine.Unity; SDK.SteamworksNET; SDK.cURL,12/25/2022,95,0,3,25,1/19/2023
108,Graze Counter GM,/app/1486440/,1/18/2023,72,84,1,85,86.05,Action (1),"Action (1) Casual (4)",Henteko Doujin,Bikkuri Software,Engine.GameMaker,11/16/2022,98,1,7,72,1/19/2023
109,The Multi-Medium,/app/2077380/,1/20/2023,15,84,1,85,86.05,Indie (23),"Adventure (25) Casual (4) Indie (23)",Micah Boursier,Micah Boursier,Engine.Unity; SDK.SteamworksNET; SDK.UnityURP,1/16/2023,98,0,2,15,1/21/2023
110,Basements n' Basilisks: Storms of Sorcery,/app/2236860/,2/27/2023,20,98,2,100,86.04,Adventure (25),"Adventure (25) Casual (4) RPG (3) Simulation (28)",eNVy softworks,eNVy softworks,Engine.Unity,2/23/2023,98,0,2,20,2/27/2023
111,Partum Artifex,/app/2069760/,2/26/2023,17,83,1,84,86,Adventure (25),Adventure (25),DalaKoala Games,DalaKoala Games,Engine.Unreal; SDK.Intel_OID; SDK.NVIDIA_APEX; SDK.NVIDIA_GeForce_Now; SDK.NVIDIA_Nsight_Aftermath; SDK.NVIDIA_PhysX; SDK.Vorbis; SDK.XAudio2,1/27/2023,98,0,4,17,2/27/2023
112,Plan B: Terraform,/app/1894430/,2/15/2023,2352,1072,108,1180,85.99,Early Access (70),"Indie (23) Simulation (28) Strategy (2) Early Access (70)",Gaddy Games,Gaddy Games,Engine.Unity; SDK.SteamworksNET; SDK.UnityBurst; SDK.UnityURP; SDK.cURL,12/8/2022,90,168,172,2352,2/15/2023
113,Dreams in the Witch House,/app/1902850/,2/16/2023,42,123,4,127,85.98,Adventure (25),"Adventure (25) Indie (23) RPG (3)",Bonus Stage Publishing,Atom Brain Games,Engine.AdventureGameStudio; SDK.SDL,2/17/2023,96,3,7,42,2/19/2023
114,Planet Cube: Edge,/app/791200/,2/23/2023,14,97,2,99,85.98,Action (1),"Action (1) Adventure (25) Indie (23)",Firestoke,Sunna Entertainment,Engine.Unity; SDK.EpicOnlineServices; SDK.FMOD; SDK.SteamworksNET; SDK.UnityURP; SDK.cURL,2/4/2023,97,0,3,14,2/23/2023
115,The Pale Beyond,/app/1266030/,2/24/2023,738,731,68,799,85.94,Indie (23),"Adventure (25) Indie (23) RPG (3) Simulation (28) Strategy (2)",Fellow Traveller,Bellular Studios,Engine.Unity; SDK.FMOD; SDK.SteamworksNET; SDK.UnityBurst; SDK.cURL,2/24/2023,91,27,32,738,2/25/2023
116,Kujlevka,/app/1365720/,4/6/2023,73,82,1,83,85.94,Adventure (25),Adventure (25),Crytivo,Callback,Engine.Unreal; SDK.EpicOnlineServices; SDK.Intel_OID; SDK.NVIDIA_APEX; SDK.NVIDIA_Nsight_Aftermath; SDK.NVIDIA_PhysX; SDK.Vorbis; SDK.XAudio2,4/6/2023,98,16,28,73,4/8/2023
117,vivid/stasis,/app/2093940/,3/7/2023,53,109,3,112,85.92,Indie (23),"Indie (23) Early Access (70)",Hajimeli,Team Vividstasis,Engine.GameMaker,2/22/2023,97,13,26,53,3/8/2023
118,Aces and Adventures,/app/1815570/,2/23/2023,2455,879,87,966,85.82,RPG (3),"Adventure (25) RPG (3) Strategy (2)",Yogscast Games,Triple.B.Titles,Engine.Unity; SDK.NVIDIA_DLSS; SDK.UnityBurst; SDK.UnityHDRP; SDK.cURL,2/23/2023,91,103,112,2455,2/28/2023
119,Tower Tactics: Liberation,/app/1709900/,2/6/2023,808,751,72,823,85.79,Strategy (2),"Indie (23) Strategy (2)",AsraWorks,AsraWorks,Engine.Godot,2/6/2023,91,77,85,808,2/12/2023
120,‰∏ÄËµ∑ÂáªÁ¢éÂêß,/app/2354650/,4/6/2023,28,62,0,62,85.63,Casual (4),"Casual (4) Free to Play (37) Racing (9) RPG (3) Strategy (2) Early Access (70)",JS-game,JS-game,SDK.CEF,3/11/2023,100,0,7,28,4/9/2023
121,Time Wasters,/app/1290330/,3/10/2023,934,695,67,762,85.62,Action (1),"Action (1) Casual (4) Indie (23) RPG (3) Early Access (70)",Proton Studio,Proton Studio,Engine.Unity; SDK.UnityBurst,4/6/2023,91,280,296,934,3/12/2023
122,Kandria,/app/1261430/,1/11/2023,26,90,2,92,85.61,Action (1),"Action (1) Adventure (25) Indie (23) RPG (3)",Shirakumo Games,Shirakumo Games,SDK.OpenSSL; SDK.Vorbis,2/15/2023,96,1,2,26,1/12/2023
123,Juno: New Origins,/app/870200/,1/26/2023,780,1953,229,2182,85.6,Simulation (28),"Indie (23) Simulation (28)",Jundroo LLC,Jundroo LLC,Engine.Unity; SDK.SteamworksNET; SDK.UnityBurst; SDK.cURL,1/25/2023,89,128,134,780,1/29/2023
124,Hell Of An Office,/app/1640890/,3/14/2023,26,76,1,77,85.58,Action (1),"Action (1) Indie (23) Early Access (70)",Joystick Ventures,43 Studios,Engine.Unreal; SDK.FMOD; SDK.NVIDIA_APEX; SDK.NVIDIA_Nsight_Aftermath; SDK.NVIDIA_PhysX; SDK.Vorbis; SDK.XAudio2,3/17/2023,98,1,4,26,3/14/2023
125,Confabulation,/app/2246400/,1/13/2023,13,61,0,61,85.57,Indie (23),"Adventure (25) Casual (4) Indie (23)",Authogin,Authogin,Engine.Unity; SDK.UnityBurst; SDK.UnityHDRP; SDK.cURL,12/30/2022,100,0,4,13,2/19/2023
126,Good Pizza Great Pizza,/app/770810/,1/6/2023,145,1453,164,1617,85.55,Simulation (28),"Casual (4) Indie (23) Simulation (28)",TapBlaze,TapBlaze,Engine.Cocos; SDK.Discord; SDK.OpenAL; SDK.Vorbis; SDK.cURL,4/3/2023,89,80,80,145,2/12/2023
127,Lords of Infinity,/app/2169120/,3/2/2023,270,114,4,118,85.55,Indie (23),"Casual (4) Indie (23) RPG (3)",Hosted Games,Hosted Games,Container.Electron,12/7/2022,96,8,15,270,3/2/2023
128,Apex Point,/app/2102520/,3/5/2023,385,604,57,661,85.52,Simulation (28),"Indie (23) Racing (9) Simulation (28) Early Access (70)",Apex Studio,Apex Studio,Engine.Unity; SDK.FMOD; SDK.NVIDIA_DLSS; SDK.SteamworksNET; SDK.UnityBurst; SDK.UnityHDRP; SDK.cURL,3/19/2023,91,84,105,385,3/19/2023
129,Looking Up I See Only A Ceiling,/app/1742930/,3/9/2023,12,147,7,154,85.5,Adventure (25),"Adventure (25) Indie (23)",silver978,silver978,Engine.Godot,4/8/2023,95,1,5,12,3/9/2023
130,Magic Tower & Maidens,/app/2090950/,2/27/2023,61,124,5,129,85.47,Casual (4),Casual (4),The Magic Tower Girl Studio,The Magic Tower Girl Studio,Engine.Unity; SDK.SteamworksNET; SDK.cURL,3/3/2023,96,0,2,61,2/27/2023
131,Robolife2-Nova Duty,/app/1777390/,3/11/2023,892,313,24,337,85.45,Simulation (28),Simulation (28),Critical Bliss,Barance Studio,Engine.Unity; SDK.UnityURP; SDK.cURL,3/16/2023,93,118,118,892,3/11/2023
132,Revenant,/app/2317510/,3/29/2023,20,74,1,75,85.45,Action (1),"Action (1) Free to Play (37) Indie (23)",Mayfly,Mayfly,Engine.Unity; SDK.FMOD; SDK.UnityBurst; SDK.UnityURP; SDK.cURL,3/21/2023,98,4,10,20,3/30/2023
133,Crafty Survivors,/app/2137760/,3/15/2023,374,198,12,210,85.44,Action (1),"Action (1) Early Access (70)",Flannel Bear Games,Flannel Bear Games,Engine.Unity; SDK.FMOD; SDK.SteamworksNET; SDK.UnityBurst; SDK.UnityURP; SDK.cURL,3/15/2023,93,45,55,374,3/25/2023
134,Emberfate: Tempest of Elements,/app/2164490/,1/27/2023,21,59,0,59,85.42,Indie (23),Indie (23),Wind Chimes Games Limited,Wind Chimes Games Limited,Engine.RenPy,12/26/2022,100,1,3,21,1/29/2023
135,DIG - Deep In Galaxies,/app/1442840/,3/8/2023,40,73,1,74,85.39,Indie (23),"Action (1) Adventure (25) Indie (23)",üöÄ Raiser Games,Molton Studio,Engine.GameMaker,4/14/2023,98,5,11,40,3/20/2023
136,ËàáÁ∂ìÁ¥Ä‰∫∫ÊàÄÊÑõÊòØÁµïÂ∞çÁ¶ÅÊ≠¢2,/app/2053940/,3/12/2023,518,264,19,283,85.38,Simulation (28),"Casual (4) Indie (23) RPG (3) Simulation (28)",Mango Party,Ê®πÊá∂Âè´Â∑•‰ΩúÂÆ§,Engine.RPGMaker; SDK.Greenworks; SDK.NWJS; SDK.NodeJS,3/14/2023,93,81,81,518,3/13/2023
137,It Comes In Waves,/app/2342980/,4/5/2023,19,86,2,88,85.37,Adventure (25),"Action (1) Adventure (25)",Merlino Games,Antonio Freyre,nan,3/29/2023,97,1,3,19,4/5/2023
138,Weird and Unfortunate Things Are Happening,/app/2274410/,2/6/2023,29,58,0,58,85.35,RPG (3),"Free to Play (37) Indie (23) RPG (3)",Sapphire Dream Games,Sapphire Dream Games,Engine.RPGMaker,3/10/2023,100,2,7,29,2/18/2023
139,EVERSPACE‚Ñ¢ 2,/app/1128920/,4/6/2023,9760,5400,732,6132,85.31,Action (1),"Action (1) Adventure (25) RPG (3) Simulation (28)",ROCKFISH Games,ROCKFISH Games,Engine.Unreal; SDK.Intel_OID; SDK.NVIDIA_APEX; SDK.NVIDIA_Ansel; SDK.NVIDIA_DLSS; SDK.NVIDIA_GeForce_Now; SDK.NVIDIA_Nsight_Aftermath; SDK.NVIDIA_PhysX; SDK.Vorbis; SDK.XAudio2,4/6/2023,87,"7670","7720",9760,4/9/2023
140,SHUFFLE! Episode 2 ~Kami ni mo Akuma ni mo Nerawareteiru Otoko~,/app/2321180/,3/10/2023,89,120,5,125,85.27,Adventure (25),"Adventure (25) Casual (4)",HIKARI FIELD,Navel,nan,3/10/2023,96,13,13,89,3/11/2023
141,Handyman Legend,/app/2127010/,3/10/2023,1002,484,45,529,85.21,Indie (23),"Casual (4) Indie (23) RPG (3) Simulation (28)",SupaShinKen Studio,SupaShinKen Studio,Engine.Unity; SDK.SteamworksNET; SDK.cURL,3/3/2023,91,117,117,1002,3/10/2023
142,ËßÖÂÖâÔºöÁ¨¨‰∏ÄÁ´† - Seeking Light : Chapter 1,/app/2305480/,3/25/2023,28,56,0,56,85.2,RPG (3),"Casual (4) Free to Play (37) Indie (23) RPG (3) Simulation (28)",Eternal Dream,ËéìËéìÂä®Áâ©Âõ≠,SDK.Greenworks; SDK.NWJS; SDK.NodeJS,3/23/2023,100,5,13,28,3/29/2023
143,Postmouse,/app/2273550/,1/30/2023,123,482,45,527,85.18,Adventure (25),"Adventure (25) Free to Play (37) Indie (23)",The Animation Workshop,Critters Collective,Engine.Unreal; SDK.FMOD; SDK.NVIDIA_APEX; SDK.NVIDIA_Nsight_Aftermath; SDK.NVIDIA_PhysX; SDK.Vorbis; SDK.XAudio2,1/13/2023,91,16,25,123,2/12/2023
144,Horny Warp,/app/1539160/,2/17/2023,218,210,14,224,85.18,Adventure (25),"Adventure (25) Casual (4)",IlluminatiGames,IlluminatiGames,Engine.Unity; SDK.cURL,2/9/2023,93,10,19,218,2/18/2023
145,Corsair`s Madness Prologue: Jungle`s Island,/app/2190570/,2/3/2023,46,69,1,70,85.11,Action (1),"Action (1) Adventure (25) Indie (23)",ManyDev Studio,Old Prawn,Engine.GameMaker,4/11/2023,98,0,1,46,2/3/2023
146,Backfirewall_,/app/1920100/,1/30/2023,86,178,11,189,85.08,Adventure (25),"Adventure (25) Casual (4) Indie (23)",All in! Games,Naraven Games,Engine.Unity; SDK.FMOD; SDK.UnityURP; SDK.cURL,1/30/2023,94,2,4,86,1/31/2023
147,Troublemaker,/app/1498740/,3/31/2023,374,458,43,501,85.05,Indie (23),"Action (1) Adventure (25) Indie (23)",Freedom Games,Gamecom Team,nan,3/31/2023,90,43,54,374,4/1/2023
148,Zup! Q,/app/2206560/,3/8/2023,33,68,1,69,85.04,Casual (4),"Casual (4) Indie (23)",Quiet River,Quiet River,nan,1/26/2023,98,0,4,33,3/8/2023
149,Witch's Garden,/app/2347380/,4/7/2023,117,68,1,69,85.04,Adventure (25),"Adventure (25) Casual (4)",HIKARI FIELD,Windmill Oasis,nan,3/17/2023,98,79,87,117,4/9/2023
150,Drawing From Memory,/app/2225530/,2/8/2023,134,147,8,155,85.03,Casual (4),"Casual (4) Indie (23)",Lekker spelen,Lekker spelen,Engine.Unity; SDK.UnityBurst; SDK.UnityURP; SDK.cURL,2/9/2023,94,0,13,134,2/8/2023
151,FATAL FRAME / PROJECT ZERO: Mask of the Lunar Eclipse,/app/2130460/,3/9/2023,1372,734,79,813,84.93,Adventure (25),Adventure (25),KOEI TECMO GAMES CO. LTD.,KOEI TECMO GAMES CO. LTD.,nan,3/6/2023,90,90,118,1372,3/9/2023
152,Temple Of Snek,/app/1208590/,2/15/2023,21,134,7,141,84.9,Action (1),"Action (1) Adventure (25) Indie (23)",Pixeljam,Aetheric Games,Engine.Unreal; SDK.CEF; SDK.Intel_OID; SDK.NVIDIA_Nsight_Aftermath; SDK.Vorbis; SDK.XAudio2,2/14/2023,95,0,1,21,8/18/2021
153,ÊàëÂú®ÁªàÁÇπÁ∫øÁ≠â‰Ω†,/app/2215290/,3/24/2023,22,66,1,67,84.89,RPG (3),"Adventure (25) Casual (4) Indie (23) RPG (3)",DreaMory,DreaMory,Engine.Unity; SDK.SteamworksNET,1/1/2023,98,0,3,22,3/24/2023
154,‰∏äÂè§‰º†ËØ¥,/app/2321080/,4/2/2023,126,219,16,235,84.85,Action (1),"Action (1) Free to Play (37) RPG (3)",‰∏äÂè§‰º†ËØ¥,‰∏äÂè§‰º†ËØ¥,SDK.CEF,3/8/2023,92,55,72,126,4/9/2023
155,9 Childs Street,/app/1895890/,2/16/2023,30,235,18,253,84.79,Indie (23),Indie (23),N4bA,N4bA,Engine.Unity; SDK.Steam_Audio; SDK.UnityHDRP; SDK.UnityURP; SDK.cURL,1/29/2023,92,9,17,30,2/20/2023
156,KOP KILLER 22XX,/app/2217680/,3/7/2023,6,51,0,51,84.78,Early Access (70),"Action (1) Indie (23) Early Access (70)",Morningstar Game Studio,Morningstar Game Studio,Engine.Unity; SDK.SteamworksNET; SDK.UnityBurst; SDK.cURL,3/7/2023,100,0,1,6,3/9/2023
157,Souls of White Star,/app/1772050/,3/30/2023,86,88,3,91,84.73,Indie (23),"Adventure (25) Indie (23) RPG (3) Strategy (2) Early Access (70)",IndieArk,Souls of Star Game Lab.,Engine.Unity; SDK.SteamworksNET; SDK.Wwise,4/3/2023,97,20,33,86,4/5/2023
158,Organs Please,/app/1593780/,4/5/2023,62,150,9,159,84.72,Strategy (2),"Indie (23) RPG (3) Simulation (28) Strategy (2)",HeroCraft PC,TECHHOME,Engine.Unity; SDK.FMOD; SDK.SteamworksNET; SDK.UnityBurst; SDK.UnityURP; SDK.cURL,4/5/2023,93,10,18,62,11/17/2022
159,Selene ~Apoptosis~,/app/1398210/,2/17/2023,704,1527,192,1719,84.71,Adventure (25),Adventure (25),Nupu Neko Dev,Viscum key,Engine.RenPy,2/19/2023,88,63,83,704,2/19/2023
160,Ash of Gods: The Way Prologue,/app/2304670/,3/9/2023,747,250,20,270,84.71,Strategy (2),"Indie (23) Strategy (2)",AurumDust,AurumDust,Engine.Unity; SDK.FMOD,3/9/2023,92,5,8,747,3/9/2023
161,Zero-G Gunfight,/app/1312060/,2/17/2023,6,50,0,50,84.69,Indie (23),Indie (23),First Peoples Digital,Devil's Cider Games,Engine.Unity,3/14/2023,100,1,1,6,3/16/2023
162,In Sink: A Co-Op Escape Prologue,/app/2289970/,2/25/2023,1323,1167,142,1309,84.64,Casual (4),"Casual (4) Free to Play (37) Strategy (2)",Clock Out Games,Clock Out Games,Engine.Unity; SDK.SteamworksNET; SDK.UnityURP; SDK.cURL,2/25/2023,89,219,411,1323,2/28/2023
163,Tower Escape,/app/2009860/,2/15/2023,283,213,16,229,84.64,Indie (23),"Casual (4) Indie (23) Strategy (2)",Final Screw,Final Screw,Engine.Unity; SDK.SteamworksNET; SDK.UnityBurst; SDK.UnityURP; SDK.cURL,3/15/2023,92,37,56,283,2/19/2023
164,ITRP _ Aero Star,/app/2180150/,3/9/2023,91,75,2,77,84.63,Action (1),"Action (1) Indie (23) Racing (9)",Unhexigion,Unhexigion,nan,3/24/2023,97,0,1,91,3/9/2023
165,Aery - Calm Mind 3,/app/2154400/,3/31/2023,5,49,0,49,84.6,Casual (4),"Casual (4) Indie (23) Simulation (28)",EpiXR Games UG,EpiXR Games UG,nan,9/14/2022,100,0,0,5,4/1/2023
166,Fateweaver: The Alchemist's Quandary,/app/2231900/,2/27/2023,8,49,0,49,84.6,RPG (3),"Adventure (25) Casual (4) Indie (23) RPG (3) Simulation (28)",Randumb Studios,Randumb Studios,Engine.RPGMaker; SDK.NWJS; SDK.NodeJS,12/16/2022,100,0,2,8,2/27/2023
167,Tanky Tanks 2,/app/2241980/,3/20/2023,6,49,0,49,84.6,Action (1),"Action (1) Casual (4) Indie (23)",EpiXR Games UG,EpiXR Games UG,nan,12/31/2022,100,0,0,6,3/21/2023
168,Girl & Gem Magic,/app/2122070/,3/31/2023,85,211,16,227,84.57,Casual (4),"Casual (4) Indie (23) Strategy (2)",Twilight Sonata Studio,Twilight Sonata Studio,Engine.Unity; SDK.SteamworksNET,3/31/2023,92,1,4,85,3/31/2023
169,Battle Ram,/app/1262060/,1/6/2023,4403,887,104,991,84.56,Indie (23),"Action (1) Adventure (25) Indie (23) Simulation (28) Sports (18)",khukhrovr,Anatoliy Loginovskikh,nan,2/10/2023,89,7,15,4403,2/12/2023
170,Relic Dudes,/app/2116260/,2/3/2023,86,173,12,185,84.49,Action (1),"Action (1) Early Access (70)",Sad Socket,Achenar Studios,Engine.Unity; SDK.SteamworksNET; SDK.UnityBurst; SDK.UnityURP; SDK.cURL,2/2/2023,93,3,4,86,2/3/2023
171,Let's Pet Pets,/app/2254600/,1/17/2023,12,61,1,62,84.49,Casual (4),"Casual (4) Indie (23) Simulation (28) Early Access (70)",Mathew Kelly,Mathew Kelly,Engine.Unity; SDK.SteamworksNET; SDK.cURL,2/1/2023,98,0,4,12,2/2/2023
172,Final Profit: A Shop RPG,/app/1705140/,3/6/2023,34,73,2,75,84.48,Indie (23),"Adventure (25) Indie (23) RPG (3) Simulation (28) Strategy (2)",Brent Arnold,Brent Arnold,Engine.RPGMaker; SDK.Greenworks; SDK.NWJS; SDK.NodeJS,3/11/2023,97,11,22,34,3/26/2023
173,The Farmer Was Replaced,/app/2060160/,2/10/2023,23,47,0,47,84.41,Simulation (28),"Casual (4) Indie (23) Simulation (28) Strategy (2) Early Access (70)",Timon Herzog,Timon Herzog,Engine.Unity; SDK.UnityBurst; SDK.UnityURP; SDK.cURL,9/18/2022,100,8,13,23,2/20/2023
174,ARK and ADE,/app/1599000/,3/2/2023,13,72,2,74,84.4,Action (1),"Action (1) Indie (23)",Beyond Frames,Castello Inc,Engine.Unreal; SDK.CEF; SDK.Intel_OID; SDK.NVIDIA_APEX; SDK.NVIDIA_GeForce_Now; SDK.NVIDIA_Nsight_Aftermath; SDK.NVIDIA_PhysX; SDK.OculusXRPlugin; SDK.OpenVR; SDK.Vorbis; SDK.Wwise; SDK.XAudio2; SDK.iZotope,3/2/2023,97,0,1,13,10/26/2021
175,Aery VR - A Journey Beyond Time,/app/2173650/,3/24/2023,4,60,1,61,84.4,Simulation (28),"Casual (4) Indie (23) Simulation (28)",EpiXR Games UG,EpiXR Games UG,nan,11/22/2022,96,0,0,4,3/27/2023
176,Gone Rogue,/app/1803600/,3/1/2023,59,83,3,86,84.39,Adventure (25),"Action (1) Adventure (25) Indie (23) RPG (3)",AskaLot Games,AskaLot Games,Engine.Unity; SDK.SteamworksNET; SDK.UnityBurst,2/17/2023,96,13,15,59,3/12/2023
177,Nebula,/app/2101250/,1/25/2023,67,82,3,85,84.31,Action (1),"Action (1) Indie (23)",JuTek Pixel,JuTek Pixel,Engine.Unity,1/13/2023,95,2,6,67,2/2/2023
178,Nebula,/app/2101250/,1/25/2023,67,82,3,85,84.31,Action (1),"Action (1) Indie (23) Early Access (70)",Szekretar,Szekretar,Engine.Unity,5/14/2016,,0,0,3,6/2/2016
179,Nebula,/app/468130/,6/2/2016,3,4,0,4,69.2,Action (1),"Action (1) Indie (23)",JuTek Pixel,JuTek Pixel,Engine.Unity,1/13/2023,95,2,6,67,2/2/2023
180,Nebula,/app/468130/,6/2/2016,3,4,0,4,69.2,Action (1),"Action (1) Indie (23) Early Access (70)",Szekretar,Szekretar,Engine.Unity,5/14/2016,,0,0,3,6/2/2016
181,The Space-Eating Croc,/app/2020090/,3/4/2023,12,59,1,60,84.31,Indie (23),"Adventure (25) Casual (4) Indie (23)",PsychoFlux Entertainment,Chalkseagull,Engine.RPGMaker,3/4/2023,98,0,3,12,10/28/2022
182,Super Cakeboy,/app/2319580/,3/16/2023,23,46,0,46,84.31,Action (1),"Action (1) Free to Play (37) Indie (23)",Suits & Sandals,Suits &amp; Sandals,Engine.GameMaker; SDK.OpenAL,2/22/2023,100,2,4,23,3/26/2023
183,‰∏úÊñπÈõ™Ëé≤Âçé ÔΩû Abyss Soul Lotus.,/app/1000440/,2/2/2023,290,309,29,338,84.25,Indie (23),"Action (1) Indie (23)",Èõ®Â§úÊû´Èõ™Âà∂‰ΩúÁªÑ,Èõ®Â§úÊû´Èõ™Âà∂‰ΩúÁªÑ,Engine.Unity; SDK.SteamworksNET; SDK.cURL,1/27/2023,91,6,11,290,2/3/2023
184,Crush the Industry,/app/1098610/,3/31/2023,112,70,2,72,84.24,Strategy (2),"Indie (23) RPG (3) Simulation (28) Strategy (2) Early Access (70)",Cognoggin Games,Cognoggin Games,Engine.Unity; SDK.SteamworksNET; SDK.cURL,1/19/2023,97,18,29,112,4/1/2023
185,Robo Maestro,/app/1808490/,1/20/2023,12,58,1,59,84.22,Indie (23),Indie (23),Joost van Dongen,Joost van Dongen,Engine.Unreal; SDK.NVIDIA_APEX; SDK.NVIDIA_Nsight_Aftermath; SDK.NVIDIA_PhysX; SDK.Vorbis; SDK.XAudio2,11/5/2021,98,1,2,12,1/22/2023
186,Powerful Courses,/app/2092330/,3/6/2023,7,45,0,45,84.21,Simulation (28),"Casual (4) Indie (23) RPG (3) Simulation (28) Sports (18) Strategy (2)",General Script Studio,Serhii Khramov,SDK.OpenAL,3/6/2023,100,0,0,7,3/10/2023
187,Cataclysm: Dark Days Ahead,/app/2330750/,3/31/2023,114,120,7,127,84.16,RPG (3),"Adventure (25) RPG (3)",KorGgenT,CleverRaven,nan,4/10/2023,94,104,109,114,4/9/2023
188,WooLoop,/app/1878910/,1/13/2023,404,829,101,930,84.14,Casual (4),"Casual (4) Indie (23) Simulation (28)",ToastieLabs,ToastieLabs,Engine.Unity; SDK.Discord; SDK.SteamworksNET; SDK.UnityURP; SDK.cURL,1/16/2023,89,56,64,404,1/21/2023
189,8-Bit Adventures 2,/app/733110/,1/31/2023,64,100,5,105,84.13,RPG (3),"Adventure (25) Indie (23) RPG (3)",Critical Games,Critical Games,Engine.RPGMaker; SDK.Greenworks; SDK.NWJS; SDK.NodeJS,12/23/2022,95,1,4,64,2/4/2023
190,POOSTALL Royale,/app/2362740/,4/1/2023,164,572,65,637,84.1,Free to Play (37),"Action (1) Free to Play (37)",Running With Scissors,RWS C Team,Engine.Unreal; SDK.Intel_OID; SDK.NVIDIA_Nsight_Aftermath; SDK.Vorbis; SDK.XAudio2,4/2/2023,89,1,6,164,4/3/2023
191,Deceive Inc.,/app/820520/,3/21/2023,2310,1419,190,1609,84.06,Action (1),"Action (1) Indie (23) Strategy (2)",Tripwire Presents,Sweet Bandits Studios,AntiCheat.EasyAntiCheat; Engine.Unreal; SDK.EpicOnlineServices; SDK.Intel_OID; SDK.Intel_XeSS; SDK.NVIDIA_APEX; SDK.NVIDIA_DLSS; SDK.NVIDIA_GeForce_Now; SDK.NVIDIA_Nsight_Aftermath; SDK.NVIDIA_PhysX; SDK.Vorbis; SDK.Wwise; SDK.XAudio2,3/31/2023,87,"1351","1857",2310,4/9/2023
192,Waves of Steel,/app/1482750/,2/6/2023,112,278,26,304,84.04,Indie (23),"Action (1) Indie (23) Simulation (28)",TMA Games LLC,TMA Games LLC,Engine.Unity,2/5/2023,91,4,10,112,2/12/2023
193,Methods: The Canada Files,/app/2063530/,2/1/2023,19,56,1,57,84.03,Indie (23),"Indie (23) Early Access (70)",LockedOn Games,LockedOn Games,Engine.RenPy,2/19/2023,98,0,1,19,2/2/2023
194,Brave Soldier - Invasion of Cyborgs,/app/2287760/,2/3/2023,6,43,0,43,84,Indie (23),"Action (1) Adventure (25) Indie (23)",JM Neto Game Dev,JM Neto Game Dev,SDK.NWJS; SDK.NodeJS,1/25/2023,100,0,1,6,2/3/2023
195,Breakers Collection,/app/1786230/,1/12/2023,78,67,2,69,83.99,Action (1),"Action (1) Casual (4)",QUByte Interactive,QUByte Interactive,Engine.Unity,1/11/2023,97,0,10,78,1/12/2023
196,Loretta,/app/1592540/,2/16/2023,48,135,9,144,83.97,Adventure (25),"Adventure (25) Casual (4) Indie (23)",DANGEN Entertainment,Yakov Butuzoff,Engine.GameMaker,2/16/2023,93,8,9,48,4/1/2023
197,Evacuation,/app/2224920/,1/6/2023,119,584,68,652,83.95,Action (1),"Action (1) Adventure (25) Free to Play (37)",SMRC,Evac Dev. Team,Engine.Source; SDK.Bink_Video; SDK.CEF; SDK.Miles_Sound_System; SDK.SDL,11/29/2022,89,9,10,119,1/7/2023